vehID,routeKey,class,depart,arrival,travel_time,distance_m,on_express_s,admitted,denied
bus160,40140017#1->10629474#1,bus_bus,961.00,997.00,36.00,252.35,0.00,False,False
bus160.1,40140017#1->10629474#1,bus_bus,966.00,1003.00,37.00,252.35,0.00,False,False
veh1493,1196008692#1->178583167#0,veh_passenger,1002.00,1019.00,17.00,189.73,0.00,False,False
veh1411,11635067->335802672,veh_passenger,947.00,1025.00,78.00,1704.60,33.00,False,False
veh1374.1,39838691#0->509524230,veh_passenger,925.00,1051.00,126.00,628.06,0.00,False,False
veh1500,40140141#2->-257421487#0,veh_passenger,1006.00,1071.00,65.00,609.40,0.00,False,False
veh1500.1,40140141#2->-257421487#0,veh_passenger,1009.00,1075.00,66.00,609.40,0.00,False,False
veh1563,-50323229#2->1273251150#1,veh_passenger,1049.00,1105.00,56.00,346.03,0.00,False,False
veh1525,475044040#4->-238219449,veh_passenger,1023.00,1111.00,88.00,484.27,0.00,False,False
veh1573,40140141#6->-169562956,veh_passenger,1057.00,1119.00,62.00,687.13,0.00,False,False
veh1587,240666069#0->428730800,veh_passenger,1065.00,1119.00,54.00,565.24,0.00,False,False
veh1384,654297629#6->564273553#0,veh_passenger,1119.00,1126.00,7.00,22.74,0.00,False,False
veh1367,1337646271#0->515130026#0,veh_passenger,917.00,1127.00,210.00,1295.92,0.00,False,False
veh1384.1,654297629#6->564273553#0,veh_passenger,1122.00,1129.00,7.00,22.74,0.00,False,False
bus164,142741729#1->40139504#1,bus_bus,985.00,1139.00,154.00,568.58,0.00,False,False
bus164.1,142741729#1->40139504#1,bus_bus,991.00,1142.00,151.00,568.58,0.00,False,False
bus187,428730793#0->460316444,bus_bus,1123.00,1144.00,21.00,181.64,0.00,False,False
veh1693,-40109290#3->-50323229#13,veh_passenger,1136.00,1153.00,17.00,53.08,0.00,False,False
veh1374,39838691#0->509524230,veh_passenger,922.00,1160.00,238.00,628.06,0.00,False,False
veh1566,40140141#0->-240666072#1,veh_passenger,1051.00,1186.00,135.00,654.14,0.00,False,False
veh1566.1,40140141#0->-240666072#1,veh_passenger,1054.00,1189.00,135.00,654.14,0.00,False,False
veh1527,654297632#2->-40109239,veh_passenger,1025.00,1222.00,197.00,950.94,6.00,True,False
veh1471,11635095->-1067928307#2,veh_passenger,987.00,1225.00,238.00,2246.44,0.00,False,False
veh1610.1,1064476620#3->-654297637#1,veh_passenger,1083.00,1231.00,148.00,546.13,0.00,False,False
veh1811,-1254633077#1->-50323229#14,veh_passenger,1215.00,1233.00,18.00,86.80,0.00,False,False
veh1811.1,-1254633077#1->-50323229#14,veh_passenger,1218.00,1235.00,17.00,86.80,0.00,False,False
veh1776,-33683346#0->1326193809,veh_passenger,1191.00,1256.00,65.00,470.56,0.00,False,False
veh1424.1,1068144845#4->83563455,veh_passenger,963.00,1260.00,297.00,2781.37,33.00,False,False
veh1424,1068144845#4->83563455,veh_passenger,956.00,1266.00,310.00,2781.37,38.00,False,False
veh1776.1,-33683346#0->1326193809,veh_passenger,1194.00,1266.00,72.00,470.56,0.00,False,False
truck95,1214520074#5->-12247568#1,truck_truck,1141.00,1284.00,143.00,1159.71,0.00,False,False
truck95.1,1214520074#5->-12247568#1,truck_truck,1146.00,1287.00,141.00,1159.71,0.00,False,False
veh1740.1,-1125986406#0->967985513#2,veh_passenger,1170.00,1293.00,123.00,1175.09,0.00,False,False
veh1756,1323097580#0->1323097580#0,veh_passenger,1183.00,1293.00,110.00,49.61,0.00,False,False
veh1878,1235754993#1->1201484855,veh_passenger,1260.00,1295.00,35.00,430.39,0.00,False,False
veh1740,-1125986406#0->967985513#2,veh_passenger,1167.00,1296.00,129.00,1175.09,0.00,False,False
veh1756.1,1323097580#0->1323097580#0,veh_passenger,1186.00,1296.00,110.00,49.61,0.00,False,False
veh1830,-169562956->-1260485931#0,veh_passenger,1228.00,1296.00,68.00,726.42,0.00,False,False
veh1538,47087992#0->240666069#2,veh_passenger,1032.00,1312.00,280.00,2242.99,12.00,True,False
veh1545,509524228->178702248,veh_passenger,1037.00,1315.00,278.00,1877.49,26.00,True,False
veh1538.1,47087992#0->240666069#2,veh_passenger,1035.00,1317.00,282.00,2242.99,11.00,True,False
veh1610,1064476620#3->-654297637#1,veh_passenger,1080.00,1320.00,240.00,546.13,0.00,False,False
veh1510,-1332638368#2->1421367508,veh_passenger,1013.00,1331.00,318.00,862.54,0.00,False,False
veh1510.1,-1332638368#2->1421367508,veh_passenger,1016.00,1336.00,320.00,862.54,0.00,False,False
veh2034,465144361->1235754993#1,veh_passenger,1364.00,1379.00,15.00,209.69,0.00,False,False
veh1773,-224146621->-47267007#2,veh_passenger,1189.00,1393.00,204.00,2084.20,10.00,True,False
veh2075,-39838691#10->-39838691#8,veh_passenger,1392.00,1402.00,10.00,71.68,0.00,False,False
veh2075.1,-39838691#10->-39838691#8,veh_passenger,1395.00,1405.00,10.00,71.68,0.00,False,False
veh1383,24577455#0->465144361,veh_passenger,928.00,1456.00,528.00,288.87,0.00,False,False
veh2121,39366819#0->39838691#5,veh_passenger,1423.00,1459.00,36.00,326.94,0.00,False,False
veh1913,47053612->-1322916760#1,veh_passenger,1283.00,1460.00,177.00,2431.23,53.00,True,False
veh2117,513082635#0->515123442#4,veh_passenger,1420.00,1460.00,40.00,710.95,14.00,False,False
veh2202,15419971#0->15419971#1,veh_passenger,1477.00,1487.00,10.00,94.37,0.00,False,False
veh1664,8887999#1->47225638#0,veh_passenger,1116.00,1490.00,374.00,957.11,0.00,False,False
veh2202.1,15419971#0->15419971#1,veh_passenger,1480.00,1490.00,10.00,94.37,0.00,False,False
veh1664.1,8887999#1->47225638#0,veh_passenger,1119.00,1496.00,377.00,957.11,0.00,False,False
veh1996,515138054->178702239#0,veh_passenger,1339.00,1517.00,178.00,2368.66,29.00,True,False
veh1927,1068144848#1->1100626097,veh_passenger,1293.00,1538.00,245.00,1320.35,7.00,False,False
veh1423,-687878722#0->488788636#0,veh_passenger,955.00,1543.00,588.00,954.49,0.00,False,False
veh1913.1,47053612->-1322916760#1,veh_passenger,1286.00,1550.00,264.00,2431.23,51.00,True,False
veh2101,-40139504#1->1064476618#0,veh_passenger,1409.00,1560.00,151.00,568.87,0.00,False,False
bus184,509524271->-1255099069,bus_bus,1397.00,1608.00,211.00,926.96,0.00,False,False
veh1927.1,1068144848#1->1100626097,veh_passenger,1296.00,1628.00,332.00,1320.35,7.00,False,False
veh2363,-238219441#2->-40140017#1,veh_passenger,1585.00,1643.00,58.00,325.19,0.00,False,False
veh1752,-488788630#1->-428730813#3,veh_passenger,1175.00,1658.00,483.00,459.46,0.00,False,False
bus252,40140141#3->822782498,bus_bus,1513.00,1659.00,146.00,790.34,0.00,False,False
veh1820,47224972#1->1118804256#0,veh_passenger,1221.00,1661.00,440.00,1669.72,41.00,True,False
veh2379,511404877->-1067928305#1,veh_passenger,1595.00,1688.00,93.00,1104.60,0.00,False,False
veh2397,-451728952#1->-1068144848#1,veh_passenger,1607.00,1711.00,104.00,569.92,3.00,True,False
veh2397.1,-451728952#1->-1068144848#1,veh_passenger,1610.00,1714.00,104.00,569.92,4.00,True,False
veh1377,1211151635#0->1214520074#2,veh_passenger,931.00,1725.00,794.00,1272.53,0.00,False,False
veh2170,515130027->482569917#1,veh_passenger,1455.00,1748.00,293.00,1568.23,0.00,False,False
veh2338,1337646270->12247568#1,veh_passenger,1568.00,1755.00,187.00,1047.27,0.00,False,False
veh2338.1,1337646270->12247568#1,veh_passenger,1569.00,1758.00,189.00,1047.27,0.00,False,False
veh1502,-47224972#0->-47224972#0,veh_passenger,1817.00,1818.00,1.00,5.85,0.00,False,False
veh2633.1,12262310#0-AddedOffRampEdge->178702239#0-AddedOnRampEdge,veh_passenger,1769.00,1823.00,54.00,1175.27,53.00,False,False
veh1420.1,-1068144845#4->47267010,veh_passenger,956.00,1829.00,873.00,2190.69,37.00,False,False
veh1420,-1068144845#4->47267010,veh_passenger,953.00,1831.00,878.00,2190.69,35.00,False,False
veh2633,12262310#0-AddedOffRampEdge->178702239#0-AddedOnRampEdge,veh_passenger,1766.00,1832.00,66.00,1175.27,62.00,False,False
veh2170.1,515130027->482569917#1,veh_passenger,1458.00,1838.00,380.00,1568.23,0.00,False,False
veh2529.1,1298335703->47087993#5,veh_passenger,1699.00,1879.00,180.00,1158.76,1.00,True,False
veh2529,1298335703->47087993#5,veh_passenger,1696.00,1881.00,185.00,1158.76,2.00,True,False
veh1879,-39921672->72157794,veh_passenger,1260.00,1892.00,632.00,521.96,0.00,False,False
veh1656,515124966->-450616334#0,veh_passenger,1387.00,1900.00,513.00,1136.71,0.00,False,False
veh1656.1,515124966->-450616334#0,veh_passenger,1390.00,1903.00,513.00,1136.71,0.00,False,False
truck142.1,1068144847->515126385#4,truck_truck,1709.00,1906.00,197.00,849.30,0.00,False,False
truck142,1068144847->515126385#4,truck_truck,1705.00,1907.00,202.00,849.30,0.00,False,False
veh1539,178702253->9374529#1,veh_passenger,1033.00,1914.00,881.00,1046.00,0.00,False,False
veh1482,1075505400#0->515130027,veh_passenger,994.00,1932.00,938.00,2058.08,0.00,False,False
veh1482.1,1075505400#0->515130027,veh_passenger,997.00,1934.00,937.00,2058.08,0.00,False,False
veh2892,40036009#2->40036009#2,veh_passenger,1939.00,1942.00,3.00,13.29,0.00,False,False
veh1907,40297715#2->39920593#5,veh_passenger,1279.00,1958.00,679.00,180.06,0.00,False,False
veh1752.1,-488788630#1->-428730813#3,veh_passenger,1178.00,1964.00,786.00,459.46,0.00,False,False
veh2668,-438516309->515126385#1,veh_passenger,1789.00,1968.00,179.00,1572.88,37.00,True,False
veh2093,-238219441#2->1260485931#1,veh_passenger,1404.00,2029.00,625.00,795.79,0.00,False,False
veh2093.1,-238219441#2->1260485931#1,veh_passenger,1407.00,2032.00,625.00,795.79,0.00,False,False
veh2700,68574202->-413789558#0,veh_passenger,1810.00,2036.00,226.00,1815.52,0.00,False,False
veh2156,147711065#1->1214520073#1,veh_passenger,1446.00,2047.00,601.00,838.18,0.00,False,False
veh2156.1,147711065#1->1214520073#1,veh_passenger,1449.00,2051.00,602.00,838.18,0.00,False,False
veh2848,513082635#0-AddedOffRampEdge->47087993#1,veh_passenger,1910.00,2056.00,146.00,1562.08,0.00,False,True
veh2493,-451728952#3->488786523,veh_passenger,1672.00,2066.00,394.00,627.21,0.00,False,True
veh2234.1,513272950#1->1118804256#0,veh_passenger,1501.00,2068.00,567.00,1623.90,0.00,False,False
veh2493.1,-451728952#3->488786523,veh_passenger,1675.00,2081.00,406.00,627.21,0.00,False,True
veh2461.1,1273251150#1->-40138633#2,veh_passenger,1652.00,2084.00,432.00,211.75,0.00,False,False
bus196,515123438->428730793#1,bus_bus,1177.00,2089.00,912.00,1756.48,0.00,False,False
bus196.1,515123438->428730793#1,bus_bus,1208.00,2093.00,885.00,1756.48,0.00,False,False
veh3121,515123442#1->515123442#2,veh_passenger,2093.00,2101.00,8.00,57.99,0.00,False,False
veh2784,1068144844->488788633#1,veh_passenger,1867.00,2105.00,238.00,1977.59,34.00,False,False
veh2468,8887999#0->240666069#1,veh_passenger,1655.00,2109.00,454.00,1602.07,0.00,False,False
veh2114,39838657#1->-564273553#3,veh_passenger,1418.00,2110.00,692.00,413.26,0.00,False,False
veh2649.1,13909444#6->240666069#0,veh_passenger,1779.00,2110.00,331.00,2363.27,11.00,True,False
veh2649,13909444#6->240666069#0,veh_passenger,1776.00,2113.00,337.00,2363.27,10.00,True,False
veh1649,39763700#0->39838657#2,veh_passenger,1106.00,2128.00,1022.00,790.81,0.00,False,False
veh1903,1067928305#0->1015424648,veh_passenger,1278.00,2128.00,850.00,945.68,0.00,False,False
veh1903.1,1067928305#0->1015424648,veh_passenger,1281.00,2131.00,850.00,945.68,0.00,False,False
veh3114,437445539#0->654530820#1,veh_passenger,2088.00,2145.00,57.00,632.87,0.00,False,False
veh3114.1,437445539#0->654530820#1,veh_passenger,2091.00,2153.00,62.00,632.87,0.00,False,False
bus235,421846558#0->-178702258#0,bus_bus,1411.00,2184.00,773.00,563.60,0.00,False,False
veh2472,-33683458#1->-39920593#1,veh_passenger,1658.00,2207.00,549.00,389.32,0.00,False,False
veh2617,13909444#5->-451728952#1,veh_passenger,1755.00,2209.00,454.00,750.59,0.00,False,True
bus257,499566573->-1297720367,bus_bus,1543.00,2210.00,667.00,911.31,0.00,False,False
veh2617.1,13909444#5->-451728952#1,veh_passenger,1758.00,2210.00,452.00,750.59,0.00,False,True
veh1502.1,-47224972#0->-47224972#0,veh_passenger,2213.00,2214.00,1.00,5.85,0.00,False,False
veh1948,-1204070283#0->178441748#1,veh_passenger,1312.00,2224.00,912.00,1167.33,0.00,False,False
veh3307,335802675->900399275,veh_passenger,2217.00,2256.00,39.00,698.34,37.00,False,False
veh3307.1,335802675->900399275,veh_passenger,2220.00,2258.00,38.00,698.34,35.00,False,False
veh2374,-488788630#0->428730813#3,veh_passenger,1592.00,2260.00,668.00,344.52,0.00,False,False
veh1478,499566574#2->1067953239#0,veh_passenger,992.00,2275.00,1283.00,605.28,0.00,False,False
veh3314,-1322916760#1->1322916760#1,veh_passenger,2282.00,2285.00,3.00,0.22,2.00,False,False
veh3432,47087993#1->47087993#2,veh_passenger,2301.00,2310.00,9.00,74.39,0.00,False,True
veh1572,-39920593#0->40297647#1,veh_passenger,1055.00,2313.00,1258.00,862.95,10.00,True,False
veh1933,1297720376#1->-10628444#1,veh_passenger,1297.00,2314.00,1017.00,343.25,0.00,False,False
bus383,-515130026#0->-515136607,bus_bus,2299.00,2323.00,24.00,267.43,0.00,False,False
veh1552.1,-50323229#2->39920505#13,veh_passenger,1044.00,2327.00,1283.00,949.36,0.00,False,False
veh2234,513272950#1->1118804256#0,veh_passenger,1498.00,2335.00,837.00,1623.90,0.00,False,False
veh3462,428730793#0->460316444,veh_passenger,2321.00,2337.00,16.00,181.64,0.00,False,False
bus178,-1290439818->1335304373#1,bus_bus,1069.00,2350.00,1281.00,949.70,39.00,False,False
veh1807.1,40138633#1->-40109290#1,veh_passenger,1215.00,2362.00,1147.00,617.61,0.00,False,False
veh2592,-1125986377#2->1068434204,veh_passenger,1738.00,2370.00,632.00,446.92,0.00,False,False
bus202.1,147711065#1->-39838691#10,bus_bus,1219.00,2373.00,1154.00,701.20,0.00,False,False
veh2557,654297629#5->24576913#1,veh_passenger,1715.00,2381.00,666.00,367.77,0.00,False,False
veh1835.1,47087992#3->460316444,veh_passenger,1234.00,2386.00,1152.00,2882.21,9.00,True,False
veh1835,47087992#3->460316444,veh_passenger,1231.00,2391.00,1160.00,2882.21,9.00,True,False
bus214,1222703382->-1068916339,bus_bus,1285.00,2400.00,1115.00,730.95,512.00,True,False
veh1698,1290439818->178699051#1,veh_passenger,1139.00,2416.00,1277.00,594.25,0.00,False,False
veh1698.1,1290439818->178699051#1,veh_passenger,1142.00,2418.00,1276.00,594.25,0.00,False,False
veh3541,-437445539#1->-12247568#1,veh_passenger,2374.00,2423.00,49.00,474.86,0.00,False,False
veh2126,479863106#0->511404874#1,veh_passenger,1426.00,2425.00,999.00,321.78,0.00,False,False
veh3541.1,-437445539#1->-12247568#1,veh_passenger,2377.00,2425.00,48.00,474.86,0.00,False,False
veh2114.1,39838657#1->-564273553#3,veh_passenger,1421.00,2436.00,1015.00,413.26,0.00,False,False
veh1879.1,-39921672->72157794,veh_passenger,1263.00,2439.00,1176.00,521.96,0.00,False,False
bus263,1068144846#2->513082638,bus_bus,1579.00,2457.00,878.00,566.20,0.00,False,False
veh1887,1260485930#1->1074409256#0,veh_passenger,1266.00,2461.00,1195.00,1056.78,0.00,False,False
bus377,-39838984#0->13909444#4,bus_bus,2263.00,2476.00,213.00,602.42,0.00,False,False
veh1517,-1125986386->511187808#3,veh_passenger,1018.00,2486.00,1468.00,695.04,0.00,False,False
veh3580,178583160->513082640,veh_passenger,2400.00,2492.00,92.00,1827.17,46.00,True,False
bus262,-474143552#2->474143552#5,bus_bus,1573.00,2505.00,932.00,265.44,0.00,False,False
veh3630,240666069#2->488788636#0,veh_passenger,2434.00,2505.00,71.00,831.40,0.00,False,False
bus235.1,421846558#0->-178702258#0,bus_bus,1412.00,2549.00,1137.00,563.60,0.00,False,False
veh1464,39838751#1->-10628430,veh_passenger,982.00,2552.00,1570.00,364.15,0.00,False,False
veh1729,488788629->39838520#0,veh_passenger,1160.00,2565.00,1405.00,579.98,0.00,False,False
veh2374.1,-488788630#0->428730813#3,veh_passenger,1595.00,2565.00,970.00,344.52,0.00,False,False
bus152,-1068144848#1->-428730807,bus_bus,913.00,2566.00,1653.00,1143.03,36.00,False,False
veh2787,39838657#1->1272548721,veh_passenger,1869.00,2572.00,703.00,1098.38,0.00,False,False
bus178.1,-1290439818->1335304373#1,bus_bus,1075.00,2577.00,1502.00,949.70,0.00,False,False
bus271,13909444#0->1214520074#1,bus_bus,1627.00,2597.00,970.00,527.48,0.00,False,False
veh1596.1,40139504#1->654297630,veh_passenger,1074.00,2614.00,1540.00,710.52,0.00,False,False
bus194.1,238219446#1->666886084#1,bus_bus,1171.00,2614.00,1443.00,1128.08,0.00,False,False
veh2063.1,-1067928305#0->47225638#4,veh_passenger,1387.00,2616.00,1229.00,1482.16,11.00,True,False
veh3429.1,40140141#1->515126385#1,veh_passenger,2302.00,2620.00,318.00,948.81,0.00,False,False
veh1418.1,39920505#1->39921673#0,veh_passenger,955.00,2624.00,1669.00,1199.36,0.00,False,False
veh3429,40140141#1->515126385#1,veh_passenger,2299.00,2624.00,325.00,948.81,0.00,False,False
veh2266.1,39366819#1->1074771170,veh_passenger,1523.00,2642.00,1119.00,1371.26,0.00,False,False
veh3912,15525299->160078084-AddedOnRampEdge,veh_passenger,2623.00,2663.00,40.00,711.23,38.00,False,False
bus359,-1100626103#1->1323097579#2,bus_bus,2155.00,2670.00,515.00,433.00,0.00,False,False
veh3912.1,15525299->160078084-AddedOnRampEdge,veh_passenger,2626.00,2670.00,44.00,711.23,43.00,False,False
bus175,1214520075->178702251,bus_bus,2464.00,2677.00,213.00,2262.59,65.00,True,False
veh2039,40297715#0->968332509,veh_passenger,1368.00,2682.00,1314.00,1043.97,0.00,False,False
veh2225,475044040#4->39920505#5,veh_passenger,1539.00,2723.00,1184.00,772.81,13.00,False,False
bus155,9374529#1->142741729#1,bus_bus,931.00,2724.00,1793.00,724.11,0.00,False,False
veh1799,-687878722#2->1068144846#0,veh_passenger,1208.00,2726.00,1518.00,626.49,0.00,False,False
veh2551.1,1125986385#1->39838630#3,veh_passenger,1714.00,2726.00,1012.00,1131.63,0.00,False,False
bus336,499566574#1->1323097575#3,bus_bus,2017.00,2731.00,714.00,428.77,0.00,False,False
veh2557.1,654297629#5->24576913#1,veh_passenger,1718.00,2736.00,1018.00,367.77,0.00,False,False
veh1558,178699058->-1015424648,veh_passenger,1045.00,2738.00,1693.00,2377.45,46.00,False,False
bus165,40297715#3->39920550#4,bus_bus,991.00,2740.00,1749.00,290.50,0.00,False,False
veh1558.1,178699058->-1015424648,veh_passenger,1048.00,2740.00,1692.00,2377.45,46.00,False,False
bus214.1,1222703382->-1068916339,bus_bus,1290.00,2740.00,1450.00,730.95,846.00,True,False
veh1509,39920684#0->-40035325#2,veh_passenger,1013.00,2745.00,1732.00,644.96,0.00,False,False
veh2095,178441748#0->-474143552#0,veh_passenger,1405.00,2749.00,1344.00,532.90,0.00,False,False
veh2348,-1211151638->1075505400#1,veh_passenger,1575.00,2749.00,1174.00,1246.18,0.00,False,False
truck84.1,1214520075->1074771170,truck_truck,2457.00,2750.00,293.00,983.71,0.00,False,False
veh2600,-39921672->1290439817#1,veh_passenger,1743.00,2767.00,1024.00,874.11,0.00,False,False
bus254,142741729#1->1290439817#1,bus_bus,1525.00,2770.00,1245.00,1523.96,0.00,False,False
veh1368,479863106#1->39921673#0,veh_passenger,918.00,2792.00,1874.00,698.54,0.00,False,False
veh1345,1234244927#1->1067928306#1,veh_passenger,903.00,2793.00,1890.00,1748.21,0.00,False,False
veh2251,499566573->654297633,veh_passenger,1510.00,2794.00,1284.00,377.95,0.00,False,False
veh2959,15419875#1->1064476624,veh_passenger,1984.00,2804.00,820.00,378.07,8.00,False,False
bus168,10629474#1->509646057#0,bus_bus,1009.00,2812.00,1803.00,884.10,0.00,False,False
veh3328,24576913#0->1297720367,veh_passenger,2253.00,2812.00,559.00,526.80,0.00,False,False
truck84,1214520075->1074771170,truck_truck,2453.00,2824.00,371.00,983.71,0.00,False,False
veh2266,39366819#1->1074771170,veh_passenger,1520.00,2826.00,1306.00,1371.26,0.00,False,False
veh1346,39920550#6->33683346#0,veh_passenger,903.00,2837.00,1934.00,1043.86,0.00,False,False
veh3391,10628442#1->-10628442#3,veh_passenger,2402.00,2847.00,445.00,292.01,0.00,False,False
veh1907.1,40297715#2->39920593#5,veh_passenger,1282.00,2848.00,1566.00,180.06,0.00,False,False
veh3391.1,10628442#1->-10628442#3,veh_passenger,2707.00,2851.00,144.00,292.01,0.00,False,False
veh2530,1323097578->488788626#1,veh_passenger,1697.00,2862.00,1165.00,623.75,0.00,False,False
bus195,40138239#1->1324405519,bus_bus,1171.00,2863.00,1692.00,1098.00,0.00,False,False
veh1211,178699054->-10628444#0,veh_passenger,1119.00,2876.00,1757.00,781.97,0.00,False,False
veh2787.1,39838657#1->1272548721,veh_passenger,1871.00,2880.00,1009.00,1098.38,0.00,False,False
veh2415.1,1254816453#1->1335304373#0,veh_passenger,1623.00,2882.00,1259.00,972.75,0.00,False,False
veh2180,-39838691#3->-47267010,veh_passenger,1462.00,2893.00,1431.00,876.45,0.00,False,False
veh2297,-1290439817#1->654297629#0,veh_passenger,1540.00,2895.00,1355.00,1169.16,0.00,False,False
veh2720,8887999#0->1074771170,veh_passenger,1824.00,2912.00,1088.00,1027.74,0.00,False,False
veh1347,-47224972#1->-1068144849#2,veh_passenger,1343.00,2913.00,1570.00,1728.44,71.00,True,False
truck128,-39838691#7->-24576913#0,truck_truck,1537.00,2916.00,1379.00,462.49,0.00,False,False
veh2491,-50323229#10->47088302#0,veh_passenger,1670.00,2922.00,1252.00,553.61,0.00,False,False
veh2891,-39838691#6->1068434256#0,veh_passenger,1938.00,2926.00,988.00,387.67,0.00,False,False
veh1807,40138633#1->-40109290#1,veh_passenger,1212.00,2930.00,1718.00,617.61,0.00,False,False
veh2998,-1204070283#1->-10628444#0,veh_passenger,2010.00,2953.00,943.00,240.86,0.00,False,False
veh1574.1,381945551->-428730813#3,veh_passenger,1059.00,2957.00,1898.00,631.55,0.00,False,False
veh3397,1273251150#1->40138633#1,veh_passenger,2277.00,2963.00,686.00,282.70,0.00,False,False
veh3397.1,1273251150#1->40138633#1,veh_passenger,2280.00,2965.00,685.00,282.70,0.00,False,False
veh1574,381945551->-428730813#3,veh_passenger,1056.00,2967.00,1911.00,631.55,0.00,False,False
veh2588,40139504#1->1064476619,veh_passenger,1735.00,2970.00,1235.00,870.87,0.00,False,False
veh4375,-437445539#1->428730793#1,veh_passenger,2933.00,2973.00,40.00,505.98,0.00,False,False
veh1727,1214520073#1->1337646275,veh_passenger,1159.00,2974.00,1815.00,2947.45,33.00,True,False
veh4365,460316444->381945551,veh_passenger,2926.00,2974.00,48.00,532.07,0.00,False,False
veh4365.1,460316444->381945551,veh_passenger,2927.00,2976.00,49.00,532.07,0.00,False,False
veh4375.1,-437445539#1->428730793#1,veh_passenger,2935.00,2978.00,43.00,505.98,0.00,False,False
truck87,1231065653->10628444#2,truck_truck,1045.00,2981.00,1936.00,1026.50,0.00,False,False
veh3785,1337646271#0->-413789558#0,veh_passenger,2537.00,2983.00,446.00,1737.20,0.00,False,False
bus329,437445541#0->-451728952#4,bus_bus,1975.00,2987.00,1012.00,1443.07,13.00,True,False
veh3785.1,1337646271#0->-413789558#0,veh_passenger,2540.00,2999.00,459.00,1737.20,0.00,False,False
veh1906,-428730813#3->-1068144848#0,veh_passenger,1279.00,3000.00,1721.00,1294.94,19.00,True,False
veh1847.1,515136603->1337115429,veh_passenger,1242.00,3001.00,1759.00,2524.80,0.00,False,False
bus263.1,1068144846#2->513082638,bus_bus,1585.00,3002.00,1417.00,566.20,0.00,False,False
veh4284,1068144844->1068144849#1,veh_passenger,2872.00,3005.00,133.00,842.21,121.00,False,False
veh1793,1068434202->1125986377#1,veh_passenger,1247.00,3023.00,1776.00,298.60,0.00,False,False
veh1799.1,-687878722#2->1068144846#0,veh_passenger,1213.00,3027.00,1814.00,626.49,0.00,False,False
veh1531,1125986375#0->-1068916338,veh_passenger,1027.00,3042.00,2015.00,926.02,0.00,False,False
veh3729,40140017#1->40138941#1,veh_passenger,2500.00,3042.00,542.00,881.42,0.00,False,False
veh4117,-1068144847->1421367925,veh_passenger,2760.00,3054.00,294.00,1240.77,35.00,True,False
veh3222,-687878722#1->178702251,veh_passenger,2160.00,3064.00,904.00,2260.61,56.00,True,False
veh2039.1,40297715#0->968332509,veh_passenger,1371.00,3066.00,1695.00,1043.97,0.00,False,False
veh2945,-33683458#1->1335304372,veh_passenger,1975.00,3067.00,1092.00,599.29,0.00,False,False
veh1969.1,39838691#2->-1125986379#0,veh_passenger,1324.00,3071.00,1747.00,1108.36,0.00,False,False
veh2810,761486028#0->1332638368#0,veh_passenger,1884.00,3073.00,1189.00,812.98,0.00,False,False
veh1516,-1335304373#1->465144361,veh_passenger,1017.00,3080.00,2063.00,526.49,48.00,True,False
veh2973,39838630#3->-9374529#1,veh_passenger,1993.00,3080.00,1087.00,1081.20,0.00,False,False
bus260,1100626103#1->-1068916338,bus_bus,1561.00,3081.00,1520.00,1350.54,0.00,False,False
truck151,-1068144848#1->428730818#3,truck_truck,1813.00,3082.00,1269.00,2460.18,36.00,False,False
veh3118,1068144845#1->1332638368#0,veh_passenger,2091.00,3091.00,1000.00,772.87,381.00,False,False
veh1968,1068434168->1068434256#0,veh_passenger,1320.00,3095.00,1775.00,158.43,0.00,False,False
truck91.1,985133430->509646052,truck_truck,1094.00,3110.00,2016.00,681.47,0.00,False,False
veh4157,1068916336->1204070283#0,veh_passenger,2787.00,3122.00,335.00,327.59,0.00,False,False
bus257.1,499566573->-1297720367,bus_bus,1549.00,3125.00,1576.00,911.31,0.00,False,False
veh1555,1260485929#1->511187815,veh_passenger,1043.00,3129.00,2086.00,415.38,0.00,False,False
veh1985,-39838630#3->-521705694#0,veh_passenger,1331.00,3135.00,1804.00,524.57,0.00,False,False
veh2360.1,509646063#1->10628444#1,veh_passenger,1688.00,3135.00,1447.00,612.92,0.00,False,False
veh2237,232920701->1211151638,veh_passenger,1501.00,3138.00,1637.00,2519.72,37.00,True,False
veh2369,-1323097580#0->-39921531,veh_passenger,1589.00,3140.00,1551.00,990.02,0.00,False,False
veh2667,-40036009#1->-50323229#13,veh_passenger,1788.00,3155.00,1367.00,90.67,0.00,False,False
bus201,-654297633->1064476620#0,bus_bus,1207.00,3160.00,1953.00,665.67,0.00,False,False
veh2459.1,-40140017#1->-1204070283#0,veh_passenger,1652.00,3161.00,1509.00,810.85,0.00,False,False
veh3551,240666072#1->9704194#4,veh_passenger,2381.00,3166.00,785.00,797.22,0.00,False,True
veh4506,515136607->-1068144849#2,veh_passenger,3021.00,3167.00,146.00,1402.29,33.00,True,False
veh4544,515126385#3->1118804256#1,veh_passenger,3046.00,3169.00,123.00,905.51,0.00,False,False
veh3330,1297720367->1222703384#0,veh_passenger,2233.00,3171.00,938.00,447.40,0.00,False,False
veh4651,13909444#5->-1068144848#0,veh_passenger,3118.00,3175.00,57.00,688.14,8.00,False,False
veh4651.1,13909444#5->-1068144848#0,veh_passenger,3121.00,3181.00,60.00,688.14,8.00,True,False
veh4162,1214520075->515126384,veh_passenger,2790.00,3198.00,408.00,983.51,0.00,False,False
veh4162.1,1214520075->515126384,veh_passenger,2814.00,3199.00,385.00,983.51,0.00,False,False
veh2005.1,39366819#1->1068434236,veh_passenger,1349.00,3219.00,1870.00,515.03,0.00,False,False
veh2491.1,-50323229#10->47088302#0,veh_passenger,1673.00,3227.00,1554.00,553.61,0.00,False,False
veh3349,13909444#6->47087366#2,veh_passenger,2245.00,3227.00,982.00,1425.57,11.00,True,False
veh4629,515136607->47087993#1,veh_passenger,3103.00,3228.00,125.00,1057.55,0.00,False,True
veh3349.1,13909444#6->47087366#2,veh_passenger,2248.00,3230.00,982.00,1425.57,11.00,True,False
veh4629.1,515136607->47087993#1,veh_passenger,3104.00,3232.00,128.00,1057.55,0.00,False,True
veh2463,-169562956->1335304385,veh_passenger,1652.00,3235.00,1583.00,1333.27,0.00,False,False
veh2714,1332638391#2->-14924729#1,veh_passenger,1820.00,3247.00,1427.00,646.72,0.00,False,False
veh1853,39921025#3->39920684#0,veh_passenger,1243.00,3248.00,2005.00,770.38,0.00,False,False
veh1655,1260481153->-1125986385#0,veh_passenger,1110.00,3255.00,2145.00,599.38,0.00,False,False
veh2998.1,-1204070283#1->-10628444#0,veh_passenger,2013.00,3257.00,1244.00,240.86,0.00,False,False
veh1847,515136603->1337115429,veh_passenger,1239.00,3260.00,2021.00,2524.80,0.00,False,False
bus272,413789557->1067928307#3,bus_bus,1633.00,3260.00,1627.00,596.95,0.00,False,False
veh2641,50323229#7->1323097575#1,veh_passenger,2018.00,3266.00,1248.00,342.86,0.00,False,False
veh3996,511187808#4->1214520075,veh_passenger,2679.00,3273.00,594.00,307.13,0.00,False,False
veh4191,-474143552#4->-1290439817#0,veh_passenger,2809.00,3273.00,464.00,475.16,0.00,False,False
veh2812,-1323097577->33683346#2,veh_passenger,1886.00,3277.00,1391.00,341.42,0.00,False,False
bus229,654297637#1->-449565665#2,bus_bus,1375.00,3280.00,1905.00,1250.29,0.00,False,False
veh4296,1222703384#0->-1068916336,veh_passenger,2880.00,3281.00,401.00,146.36,0.00,False,False
bus456,-1067928307#3->47267007#1,bus_bus,2737.00,3282.00,545.00,379.02,0.00,False,False
veh1629,1421367508->11635146#0-AddedOffRampEdge,veh_passenger,1093.00,3283.00,2190.00,1850.94,17.00,False,False
veh3054,-1323097580#1->11631594#2,veh_passenger,2255.00,3285.00,1030.00,269.69,0.00,False,False
veh1952,-40035606#1->1335304374,veh_passenger,1309.00,3286.00,1977.00,753.55,0.00,False,False
bus456.1,-1067928307#3->47267007#1,bus_bus,2743.00,3286.00,543.00,379.02,0.00,False,False
veh2062,39920505#6->33683346#3,veh_passenger,1383.00,3287.00,1904.00,828.94,0.00,False,False
truck87.1,1231065653->10628444#2,truck_truck,1049.00,3288.00,2239.00,1026.50,0.00,False,False
truck124,39086240-AddedOffRampEdge->9704194#3,truck_truck,1489.00,3289.00,1800.00,1327.44,67.00,False,False
veh1893.1,39920505#13->-40140017#1,veh_passenger,1273.00,3303.00,2030.00,1164.33,0.00,False,False
veh2203,-232920701->428730793#1,veh_passenger,1478.00,3305.00,1827.00,2975.61,39.00,True,False
bus158,71269782->-654297629#1,bus_bus,949.00,3306.00,2357.00,424.28,0.00,False,False
truck76,-488788633#2->-39838691#3,truck_truck,913.00,3310.00,2397.00,1234.36,0.00,False,False
bus424,-488788630#0->-1226645410,bus_bus,2545.00,3317.00,772.00,498.80,0.00,False,False
veh2348.1,-1211151638->1075505400#1,veh_passenger,1578.00,3324.00,1746.00,1246.18,0.00,False,False
bus207,178702253->40035606#0,bus_bus,1243.00,3329.00,2086.00,1192.95,0.00,False,False
veh1419,10250021#2->1222703384#1,veh_passenger,952.00,3332.00,2380.00,868.17,0.00,False,False
veh4892,9374529#1->-1290439817#1,veh_passenger,3279.00,3335.00,56.00,161.11,0.00,False,False
truck233,-1204070283#1->1196008691#0,truck_truck,2797.00,3336.00,539.00,1004.08,0.00,False,False
veh4892.1,9374529#1->-1290439817#1,veh_passenger,3282.00,3337.00,55.00,161.11,0.00,False,False
bus329.1,437445541#0->-451728952#4,bus_bus,1981.00,3338.00,1357.00,1443.07,13.00,True,False
veh3223,1272337501->654297632#2,veh_passenger,2161.00,3339.00,1178.00,744.90,0.00,False,False
veh2007.1,150928465->-1254816455,veh_passenger,1355.00,3346.00,1991.00,1192.53,0.00,False,False
bus361,1337646274->1235754993#1,bus_bus,2167.00,3354.00,1187.00,2322.95,515.00,True,False
veh3050.1,1074409256#0->-39838751#2,veh_passenger,2048.00,3364.00,1316.00,898.74,0.00,False,False
bus325.1,11635146#0->1335304373#0,bus_bus,1957.00,3366.00,1409.00,1307.14,324.00,False,False
veh3268,687878722#1->450616334#1,veh_passenger,2191.00,3372.00,1181.00,1508.62,0.00,False,False
veh2264.1,40138239#1->1064398309#1,veh_passenger,1521.00,3385.00,1864.00,687.49,0.00,False,False
veh1900,238219441#0->511185049,veh_passenger,1840.00,3400.00,1560.00,749.09,0.00,False,False
veh3879.1,39838691#1->-39366819#1,veh_passenger,2905.00,3420.00,515.00,241.06,0.00,False,False
veh1604,39920593#4->1231065643,veh_passenger,1076.00,3422.00,2346.00,1415.05,0.00,False,False
veh1533,856175964->-39838691#10,veh_passenger,1029.00,3427.00,2398.00,981.90,0.00,False,False
veh2882,-449565665#2->511404874#0,veh_passenger,1932.00,3430.00,1498.00,570.94,0.00,False,False
veh3338,-1260485930#1->-1125986375#1,veh_passenger,2238.00,3434.00,1196.00,568.99,0.00,False,False
veh3907,1207401652#1->1068434208#0,veh_passenger,2619.00,3435.00,816.00,209.91,0.00,False,False
veh2670,178699049->451728952#4,veh_passenger,1790.00,3436.00,1646.00,2505.83,36.00,True,False
veh1748.1,1118804257->511409188#0,veh_passenger,1176.00,3448.00,2272.00,1620.62,97.00,False,False
veh3702,40115810#0->511404880#0,veh_passenger,2482.00,3454.00,972.00,1136.90,0.00,False,False
veh2419.1,515136608->40140141#9,veh_passenger,1625.00,3457.00,1832.00,2151.94,499.00,True,False
truck224,-50323229#13->-50323229#10,truck_truck,2689.00,3457.00,768.00,1.78,0.00,False,False
veh3685,1214520074#3->-1322916760#1,veh_passenger,2470.00,3459.00,989.00,1522.47,760.00,True,False
veh2724,40140017#0->24576922#0,veh_passenger,1827.00,3461.00,1634.00,880.46,0.00,False,False
truck224.1,-50323229#13->-50323229#10,truck_truck,3151.00,3461.00,310.00,1.78,0.00,False,False
veh3685.1,1214520074#3->-1322916760#1,veh_passenger,2473.00,3464.00,991.00,1522.47,679.00,False,False
veh5055,47267011#2->47267007#2,veh_passenger,3388.00,3464.00,76.00,1035.01,0.00,False,False
veh3978,10748036->1125986375#0,veh_passenger,2667.00,3466.00,799.00,673.87,0.00,False,False
truck164,654297629#5->-24576913#0,truck_truck,2834.00,3467.00,633.00,332.88,0.00,False,False
veh3449,-50323229#0->1068074793,veh_passenger,2573.00,3468.00,895.00,521.70,0.00,False,False
veh1380.1,47267010->39838691#1,veh_passenger,929.00,3470.00,2541.00,709.40,0.00,False,False
veh5051,-40036009#1->-40036009#1,veh_passenger,3386.00,3471.00,85.00,25.60,0.00,False,False
veh1380,47267010->39838691#1,veh_passenger,926.00,3472.00,2546.00,709.40,0.00,False,False
veh2935,-10628442#1->856175963,veh_passenger,1968.00,3472.00,1504.00,190.62,0.00,False,False
veh3978.1,10748036->1125986375#0,veh_passenger,2670.00,3473.00,803.00,673.87,0.00,False,False
veh1837,-1068916335->-24576913#1,veh_passenger,1232.00,3477.00,2245.00,900.74,0.00,False,False
veh2745,40138633#0->1335304373#0,veh_passenger,1841.00,3480.00,1639.00,991.70,0.00,False,False
veh1769,39920550#2->-900279886,veh_passenger,1187.00,3487.00,2300.00,463.95,0.00,False,False
veh1462.1,47224972#0->1332638368#2,veh_passenger,984.00,3492.00,2508.00,1098.15,0.00,False,False
veh2461,1273251150#1->-40138633#2,veh_passenger,1650.00,3492.00,1842.00,211.75,0.00,False,False
truck174,1125986379#1->-1260485929#2,truck_truck,2588.00,3496.00,908.00,496.26,0.00,False,False
veh2015.1,-479863106#2->1335304373#0,veh_passenger,1357.00,3522.00,2165.00,1171.26,0.00,False,False
veh2015,-479863106#2->1335304373#0,veh_passenger,1354.00,3526.00,2172.00,1171.26,0.00,False,False
bus152.1,-1068144848#1->-428730807,bus_bus,919.00,3529.00,2610.00,1143.03,87.00,False,False
veh2665,1326193809->10748045#0,veh_passenger,1787.00,3534.00,1747.00,570.14,0.00,False,False
veh1949.1,-437445539#1->-147711065#0,veh_passenger,1310.00,3536.00,2226.00,2398.48,0.00,False,False
veh5157,488788633#1->-413789558#1,veh_passenger,3457.00,3536.00,79.00,417.36,0.00,False,False
veh5157.1,488788633#1->-413789558#1,veh_passenger,3460.00,3539.00,79.00,417.36,0.00,False,False
veh3102,50323229#10->-1297720376#0,veh_passenger,2080.00,3541.00,1461.00,1232.43,0.00,False,False
veh4261.1,513272950#1->1211151640,veh_passenger,2859.00,3546.00,687.00,762.05,0.00,False,False
veh1660,-1254816454->39921025#3,veh_passenger,1114.00,3547.00,2433.00,829.19,0.00,False,False
veh2108,-142741729#0->1068434202,veh_passenger,1414.00,3550.00,2136.00,935.44,0.00,False,False
veh1897,39838691#7->-39921531,veh_passenger,1272.00,3554.00,2282.00,1274.25,0.00,False,False
veh3547,116831467->10628444#0,veh_passenger,2378.00,3566.00,1188.00,1031.37,0.00,False,False
veh4261,513272950#1->1211151640,veh_passenger,2856.00,3567.00,711.00,762.05,0.00,False,False
veh2641.1,50323229#7->1323097575#1,veh_passenger,2324.00,3573.00,1249.00,342.86,0.00,False,False
veh3283,1272337501->475044040#1,veh_passenger,2201.00,3575.00,1374.00,416.96,720.00,False,False
veh2463.1,-169562956->1335304385,veh_passenger,1655.00,3583.00,1928.00,1333.27,0.00,False,False
bus271.1,13909444#0->1214520074#1,bus_bus,1632.00,3585.00,1953.00,527.48,0.00,False,False
bus344.1,12090453#0->654297629#1,bus_bus,2071.00,3587.00,1516.00,1526.97,0.00,False,False
bus283,511187811->1297720376#1,bus_bus,2099.00,3589.00,1490.00,679.39,0.00,False,False
veh3775.1,10749498->900287035,veh_passenger,2534.00,3591.00,1057.00,582.15,0.00,False,False
veh2415,1254816453#1->1335304373#0,veh_passenger,1620.00,3595.00,1975.00,972.75,0.00,False,False
veh3005,1332638368#0->40140141#7,veh_passenger,2015.00,3595.00,1580.00,1032.03,0.00,False,True
veh3300,-238219441#2->654297631,veh_passenger,2212.00,3600.00,1388.00,407.45,0.00,False,False
